{
  "doc1": {
    "precision": 0.8,
    "recall": 0.8
  },
  "doc2": {
    "precision": 0.9090909090909091,
    "recall": 0.9090909090909091
  },
  "doc3": {
    "precision": 0.5,
    "recall": 0.6
  }
}